Date,Actual,Predicted,RMSE,Best Parameters,Features
2000-01-01,-4.753848389764603,0.040398925731174096,4.794247315495777,"{'rfecv__estimator__alpha': 1, 'rfecv__min_features_to_select': 2}","['ECY7', 'term_spread']"
2000-02-01,-3.899389098700856,-0.296022677882827,3.603366420818029,"{'rfecv__estimator__alpha': 1, 'rfecv__min_features_to_select': 2}","['ECY7', 'term_spread']"
2000-03-01,-4.637389701845462,-1.3281898957561928,3.3091998060892696,"{'rfecv__estimator__alpha': 1, 'rfecv__min_features_to_select': 2}","['ECY7', 'term_spread']"
2000-04-01,-5.313298953979617,-1.2599254007931888,4.053373553186428,"{'rfecv__estimator__alpha': 1, 'rfecv__min_features_to_select': 2}","['ECY7', 'term_spread']"
2000-05-01,-4.463974324855757,-1.6607626013610588,2.803211723494698,"{'rfecv__estimator__alpha': 1, 'rfecv__min_features_to_select': 2}","['ECY7', 'term_spread']"
2000-06-01,-4.61666773197873,0.3061803169387449,4.922848048917475,"{'rfecv__estimator__alpha': 1, 'rfecv__min_features_to_select': 2}","['ECY7', 'term_spread']"
2000-07-01,-4.3861572376974305,-1.3926542356573792,2.9935030020400513,"{'rfecv__estimator__alpha': 1, 'rfecv__min_features_to_select': 2}","['ECY7', 'term_spread']"
2000-08-01,-4.4608834365842505,-2.0027599038650763,2.458123532719174,"{'rfecv__estimator__alpha': 1, 'rfecv__min_features_to_select': 2}","['ECY7', 'term_spread']"
2000-09-01,-4.150682092934476,-2.128037982292808,2.022644110641668,"{'rfecv__estimator__alpha': 1, 'rfecv__min_features_to_select': 2}","['ECY7', 'term_spread']"
2000-10-01,-3.5769610381637063,-3.0388854360053505,0.5380756021583557,"{'rfecv__estimator__alpha': 1, 'rfecv__min_features_to_select': 2}","['ECY7', 'term_spread']"
2000-11-01,-2.643489412631539,-1.884523694405635,0.758965718225904,"{'rfecv__estimator__alpha': 1, 'rfecv__min_features_to_select': 2}","['ECY7', 'term_spread']"
2000-12-01,-1.5364346099889017,-1.8294323996597477,0.292997789670846,"{'rfecv__estimator__alpha': 1, 'rfecv__min_features_to_select': 2}","['ECY7', 'term_spread']"
2001-01-01,-1.3012255557292465,-2.603958406095809,1.3027328503665625,"{'rfecv__estimator__alpha': 1, 'rfecv__min_features_to_select': 2}","['ECY7', 'term_spread']"
2001-02-01,-0.8712027019639579,0.8254045426863232,1.6966072446502811,"{'rfecv__estimator__alpha': 1, 'rfecv__min_features_to_select': 2}","['ECY7', 'term_spread']"
2001-03-01,1.333316783522076,0.2528219935320912,1.0804947899899848,"{'rfecv__estimator__alpha': 1, 'rfecv__min_features_to_select': 2}","['ECY7', 'term_spread']"
2001-04-01,1.4085321442264709,1.0848995899757927,0.32363255425067816,"{'rfecv__estimator__alpha': 1, 'rfecv__min_features_to_select': 2}","['ECY7', 'term_spread']"
2001-05-01,-0.1028796335487136,2.505862797294366,2.6087424308430798,"{'rfecv__estimator__alpha': 1, 'rfecv__min_features_to_select': 2}","['ECY7', 'term_spread']"
2001-06-01,-0.1908844815682431,3.342583972828756,3.533468454396999,"{'rfecv__estimator__alpha': 1, 'rfecv__min_features_to_select': 2}","['ECY7', 'term_spread']"
2001-07-01,0.4691443285812724,2.9816567597867736,2.512512431205501,"{'rfecv__estimator__alpha': 1, 'rfecv__min_features_to_select': 2}","['ECY7', 'term_spread']"
2001-08-01,1.3160919112118807,2.6697287072410667,1.353636796029186,"{'rfecv__estimator__alpha': 1, 'rfecv__min_features_to_select': 2}","['ECY7', 'term_spread']"
2001-09-01,4.24660639667056,3.590282231717341,0.6563241649532192,"{'rfecv__estimator__alpha': 1, 'rfecv__min_features_to_select': 2}","['ECY7', 'term_spread']"
2001-10-01,4.2977465442795015,4.505651908466092,0.20790536418659045,"{'rfecv__estimator__alpha': 1, 'rfecv__min_features_to_select': 2}","['ECY7', 'term_spread']"
2001-11-01,3.637221780703837,5.319166001439703,1.6819442207358657,"{'rfecv__estimator__alpha': 1, 'rfecv__min_features_to_select': 2}","['ECY7', 'term_spread']"
2001-12-01,3.72234096502736,5.896053906495926,2.173712941468566,"{'rfecv__estimator__alpha': 1, 'rfecv__min_features_to_select': 2}","['ECY7', 'term_spread']"
2002-01-01,3.866912025114022,6.084631066108713,2.217719040994691,"{'rfecv__estimator__alpha': 1, 'rfecv__min_features_to_select': 2}","['ECY7', 'term_spread']"
2002-02-01,4.855424410017328,6.333135691526835,1.4777112815095075,"{'rfecv__estimator__alpha': 1, 'rfecv__min_features_to_select': 2}","['ECY7', 'term_spread']"
2002-03-01,3.2717374045724723,6.425045758131697,3.1533083535592246,"{'rfecv__estimator__alpha': 1, 'rfecv__min_features_to_select': 2}","['ECY7', 'term_spread']"
2002-04-01,4.805562824967591,6.1707326069398665,1.3651697819722752,"{'rfecv__estimator__alpha': 1, 'rfecv__min_features_to_select': 2}","['ECY7', 'term_spread']"
2002-05-01,6.048133338706208,6.422339081063134,0.37420574235692605,"{'rfecv__estimator__alpha': 1, 'rfecv__min_features_to_select': 2}","['ECY7', 'term_spread']"
2002-06-01,7.3645404213523395,6.664116660294053,0.7004237610582864,"{'rfecv__estimator__alpha': 1, 'rfecv__min_features_to_select': 2}","['ECY7', 'term_spread']"
2002-07-01,9.90861241127674,6.537084776172756,3.371527635103984,"{'rfecv__estimator__alpha': 1, 'rfecv__min_features_to_select': 2}","['ECY7', 'term_spread']"
2002-08-01,8.678944453513292,6.4262713999150005,2.2526730535982917,"{'rfecv__estimator__alpha': 1, 'rfecv__min_features_to_select': 2}","['ECY7', 'term_spread']"
2002-09-01,10.371535327109182,6.365238516596877,4.006296810512305,"{'rfecv__estimator__alpha': 1, 'rfecv__min_features_to_select': 2}","['ECY7', 'term_spread']"
2002-10-01,11.292813024223538,6.448761832748122,4.844051191475415,"{'rfecv__estimator__alpha': 1, 'rfecv__min_features_to_select': 2}","['ECY7', 'term_spread']"
2002-11-01,8.74352311988158,6.591506033470016,2.152017086411564,"{'rfecv__estimator__alpha': 1, 'rfecv__min_features_to_select': 2}","['ECY7', 'term_spread']"
2002-12-01,9.20346656933756,6.778212021994985,2.4252545473425755,"{'rfecv__estimator__alpha': 1, 'rfecv__min_features_to_select': 2}","['ECY7', 'term_spread']"
2003-01-01,7.740998132093391,7.001804137496418,0.739193994596973,"{'rfecv__estimator__alpha': 1, 'rfecv__min_features_to_select': 2}","['ECY7', 'term_spread']"
2003-02-01,8.835078729217095,7.47053766724709,1.3645410619700051,"{'rfecv__estimator__alpha': 1, 'rfecv__min_features_to_select': 2}","['ECY7', 'term_spread']"
2003-03-01,7.958164938429291,7.189762140592526,0.7684027978367647,"{'rfecv__estimator__alpha': 1, 'rfecv__min_features_to_select': 2}","['ECY7', 'term_spread']"
2003-04-01,7.715219124339267,6.9766231839398545,0.7385959403994127,"{'rfecv__estimator__alpha': 1, 'rfecv__min_features_to_select': 2}","['ECY7', 'term_spread']"
2003-05-01,7.115717640698338,6.637580359396344,0.4781372813019944,"{'rfecv__estimator__alpha': 1, 'rfecv__min_features_to_select': 2}","['ECY7', 'term_spread']"
2003-06-01,5.002862257818341,6.03626793718337,1.0334056793650284,"{'rfecv__estimator__alpha': 1, 'rfecv__min_features_to_select': 2}","['ECY7', 'term_spread']"
2003-07-01,3.559123301672751,7.0526215264436996,3.4934982247709487,"{'rfecv__estimator__alpha': 1, 'rfecv__min_features_to_select': 2}","['ECY7', 'term_spread']"
2003-08-01,4.018723717012273,7.396353499072987,3.3776297820607137,"{'rfecv__estimator__alpha': 1, 'rfecv__min_features_to_select': 2}","['ECY7', 'term_spread']"
2003-09-01,2.3459378686069843,6.974524479398905,4.6285866107919205,"{'rfecv__estimator__alpha': 1, 'rfecv__min_features_to_select': 2}","['ECY7', 'term_spread']"
2003-10-01,-2.5526263764480417,7.0544928729678045,9.607119249415845,"{'rfecv__estimator__alpha': 1, 'rfecv__min_features_to_select': 2}","['ECY7', 'term_spread']"
2003-11-01,-4.525700274419198,6.973448789248549,11.499149063667748,"{'rfecv__estimator__alpha': 1, 'rfecv__min_features_to_select': 2}","['ECY7', 'term_spread']"
2003-12-01,-5.162482690619008,6.623667370438369,11.786150061057377,"{'rfecv__estimator__alpha': 1, 'rfecv__min_features_to_select': 2}","['ECY7', 'term_spread']"
2004-01-01,-6.270303621999995,6.610646661119899,12.880950283119894,"{'rfecv__estimator__alpha': 1, 'rfecv__min_features_to_select': 2}","['ECY7', 'term_spread']"
2004-02-01,-7.758748833974161,6.767722134435477,14.526470968409637,"{'rfecv__estimator__alpha': 1, 'rfecv__min_features_to_select': 2}","['ECY7', 'term_spread']"
2004-03-01,-8.541443660719583,6.111696335417306,14.65313999613689,"{'rfecv__estimator__alpha': 1, 'rfecv__min_features_to_select': 2}","['ECY7', 'term_spread']"
2004-04-01,-6.550414095291834,6.670215273556153,13.220629368847987,"{'rfecv__estimator__alpha': 1, 'rfecv__min_features_to_select': 2}","['ECY7', 'term_spread']"
2004-05-01,-4.828883838155451,7.501751516810746,12.330635354966198,"{'rfecv__estimator__alpha': 1, 'rfecv__min_features_to_select': 2}","['ECY7', 'term_spread']"
2004-06-01,-4.808791315966154,7.0068434555446375,11.81563477151079,"{'rfecv__estimator__alpha': 1, 'rfecv__min_features_to_select': 2}","['ECY7', 'term_spread']"
2004-07-01,-4.1143754114383535,6.489959312070576,10.60433472350893,"{'rfecv__estimator__alpha': 1, 'rfecv__min_features_to_select': 2}","['ECY7', 'term_spread']"
2004-08-01,-2.307005424252906,6.1622528435134,8.469258267766307,"{'rfecv__estimator__alpha': 1, 'rfecv__min_features_to_select': 2}","['ECY7', 'term_spread']"
2004-09-01,-2.1238921232108576,5.959672139074524,8.083564262285382,"{'rfecv__estimator__alpha': 1, 'rfecv__min_features_to_select': 2}","['ECY7', 'term_spread']"
2004-10-01,-1.6570872115793225,6.00816225028348,7.665249461862802,"{'rfecv__estimator__alpha': 1, 'rfecv__min_features_to_select': 2}","['ECY7', 'term_spread']"
2004-11-01,-2.137846958843592,5.079513853072928,7.217360811916521,"{'rfecv__estimator__alpha': 1, 'rfecv__min_features_to_select': 2}","['ECY7', 'term_spread']"
2004-12-01,-2.203858897004596,4.75481528205602,6.9586741790606155,"{'rfecv__estimator__alpha': 1, 'rfecv__min_features_to_select': 2}","['ECY7', 'term_spread']"
2005-01-01,-1.6399092697118478,4.79569021088048,6.435599480592328,"{'rfecv__estimator__alpha': 1, 'rfecv__min_features_to_select': 2}","['ECY7', 'term_spread']"
2005-02-01,-2.51539609174537,4.743670547391692,7.259066639137062,"{'rfecv__estimator__alpha': 1, 'rfecv__min_features_to_select': 2}","['ECY7', 'term_spread']"
2005-03-01,-1.2910941196683456,4.039968325688257,5.3310624453566025,"{'rfecv__estimator__alpha': 1, 'rfecv__min_features_to_select': 2}","['ECY7', 'term_spread']"
2005-04-01,0.033204565530065,4.101102009966251,4.067897444436186,"{'rfecv__estimator__alpha': 1, 'rfecv__min_features_to_select': 2}","['ECY7', 'term_spread']"
2005-05-01,-1.393237786083712,3.2792287209986366,4.672466507082349,"{'rfecv__estimator__alpha': 1, 'rfecv__min_features_to_select': 2}","['ECY7', 'term_spread']"
2005-06-01,-2.4837625721003453,3.310408667956173,5.794171240056518,"{'rfecv__estimator__alpha': 1, 'rfecv__min_features_to_select': 2}","['ECY7', 'term_spread']"
2005-07-01,-2.821035062860189,3.2339743792737536,6.055009442133942,"{'rfecv__estimator__alpha': 1, 'rfecv__min_features_to_select': 2}","['ECY7', 'term_spread']"
2005-08-01,-2.657667354391169,2.10030626166681,4.757973616057979,"{'rfecv__estimator__alpha': 1, 'rfecv__min_features_to_select': 2}","['ECY7', 'term_spread']"
2005-09-01,-2.01145464786886,2.427966258012191,4.43942090588105,"{'rfecv__estimator__alpha': 1, 'rfecv__min_features_to_select': 2}","['ECY7', 'term_spread']"
2005-10-01,-0.5440660525052987,3.140873677436869,3.6849397299421676,"{'rfecv__estimator__alpha': 1, 'rfecv__min_features_to_select': 2}","['ECY7', 'term_spread']"
2005-11-01,-0.7670547066042532,2.1319246462767794,2.8989793528810326,"{'rfecv__estimator__alpha': 1, 'rfecv__min_features_to_select': 2}","['ECY7', 'term_spread']"
2005-12-01,-0.4009117101453796,1.7742408791102937,2.1751525892556733,"{'rfecv__estimator__alpha': 1, 'rfecv__min_features_to_select': 2}","['ECY7', 'term_spread']"
2006-01-01,0.0559665718845581,1.1429876666848564,1.0870210948002983,"{'rfecv__estimator__alpha': 1, 'rfecv__min_features_to_select': 2}","['ECY7', 'term_spread']"
2006-02-01,0.7478066440674169,1.48663302018117,0.738826376113753,"{'rfecv__estimator__alpha': 1, 'rfecv__min_features_to_select': 2}","['ECY7', 'term_spread']"
2006-03-01,0.2985157716024589,0.959393890408867,0.6608781188064081,"{'rfecv__estimator__alpha': 1, 'rfecv__min_features_to_select': 2}","['ECY7', 'term_spread']"
2006-04-01,0.6514213320706119,1.4299027478030535,0.7784814157324416,"{'rfecv__estimator__alpha': 1, 'rfecv__min_features_to_select': 2}","['ECY7', 'term_spread']"
2006-05-01,1.028007509570894,0.16867472238777204,0.859332787183122,"{'rfecv__estimator__alpha': 1, 'rfecv__min_features_to_select': 2}","['ECY7', 'term_spread']"
2006-06-01,0.9093896299913752,0.9519590157087299,0.04256938571735469,"{'rfecv__estimator__alpha': 1, 'rfecv__min_features_to_select': 2}","['ECY7', 'term_spread']"
2006-07-01,1.4606283643140094,0.957833501119727,0.5027948631942825,"{'rfecv__estimator__alpha': 1, 'rfecv__min_features_to_select': 2}","['ECY7', 'term_spread']"
2006-08-01,-1.1000216745276958,0.34759421164713,1.4476158861748258,"{'rfecv__estimator__alpha': 1, 'rfecv__min_features_to_select': 2}","['ECY7', 'term_spread']"
2006-09-01,-1.6621004385541482,0.27569079102788674,1.937791229582035,"{'rfecv__estimator__alpha': 1, 'rfecv__min_features_to_select': 2}","['ECY7', 'term_spread']"
2006-10-01,-1.692250792545491,0.06436097335617763,1.7566117659016687,"{'rfecv__estimator__alpha': 1, 'rfecv__min_features_to_select': 2}","['ECY7', 'term_spread']"
2006-11-01,-1.653574127082991,-0.3158818386629747,1.3376922884200162,"{'rfecv__estimator__alpha': 1, 'rfecv__min_features_to_select': 2}","['ECY7', 'term_spread']"
2006-12-01,-1.68905713883718,0.040736743462300495,1.7297938822994805,"{'rfecv__estimator__alpha': 1, 'rfecv__min_features_to_select': 2}","['ECY7', 'term_spread']"
2007-01-01,-0.8234799202178955,-0.6451153262602078,0.17836459395768767,"{'rfecv__estimator__alpha': 1, 'rfecv__min_features_to_select': 2}","['ECY7', 'term_spread']"
2007-02-01,-0.2576303472793917,0.5795008740662082,0.8371312213455999,"{'rfecv__estimator__alpha': 1, 'rfecv__min_features_to_select': 2}","['ECY7', 'term_spread']"
2007-03-01,0.8880295014278006,-0.3268556616321723,1.2148851630599729,"{'rfecv__estimator__alpha': 1, 'rfecv__min_features_to_select': 2}","['ECY7', 'term_spread']"
2007-04-01,0.1541350671867558,-0.49743052206152516,0.651565589248281,"{'rfecv__estimator__alpha': 1, 'rfecv__min_features_to_select': 2}","['ECY7', 'term_spread']"
2007-05-01,-1.041614112096001,0.1497258560370467,1.1913399681330477,"{'rfecv__estimator__alpha': 1, 'rfecv__min_features_to_select': 2}","['ECY7', 'term_spread']"
2007-06-01,-1.2571063000445526,0.6015775678732558,1.8586838679178084,"{'rfecv__estimator__alpha': 1, 'rfecv__min_features_to_select': 2}","['ECY7', 'term_spread']"
2007-07-01,-0.7269970529172554,0.5245815900511319,1.2515786429683873,"{'rfecv__estimator__alpha': 1, 'rfecv__min_features_to_select': 2}","['ECY7', 'term_spread']"
2007-08-01,0.8595148534937924,0.048111627917687194,0.8114032255761052,"{'rfecv__estimator__alpha': 1, 'rfecv__min_features_to_select': 2}","['ECY7', 'term_spread']"
2007-09-01,0.9100493478427784,1.9109875294183043,1.0009381815755258,"{'rfecv__estimator__alpha': 1, 'rfecv__min_features_to_select': 2}","['ECY7', 'term_spread']"
2007-10-01,0.3443532869657706,1.830368356753672,1.4860150697879013,"{'rfecv__estimator__alpha': 1, 'rfecv__min_features_to_select': 2}","['ECY7', 'term_spread']"
2007-11-01,0.8167139463083783,1.4774009365738472,0.6606869902654688,"{'rfecv__estimator__alpha': 1, 'rfecv__min_features_to_select': 2}","['ECY7', 'term_spread']"
2007-12-01,1.0521358214682586,2.837139741236374,1.7850039197681156,"{'rfecv__estimator__alpha': 1, 'rfecv__min_features_to_select': 2}","['ECY7', 'term_spread']"
2008-01-01,3.320934473563919,4.164329570002952,0.8433950964390329,"{'rfecv__estimator__alpha': 1, 'rfecv__min_features_to_select': 2}","['ECY7', 'term_spread']"
2008-02-01,4.136793745333778,5.873454215123195,1.7366604697894177,"{'rfecv__estimator__alpha': 1, 'rfecv__min_features_to_select': 2}","['ECY7', 'term_spread']"
2008-03-01,5.280008552318105,5.163702342520274,0.11630620979783046,"{'rfecv__estimator__alpha': 1, 'rfecv__min_features_to_select': 2}","['ECY7', 'term_spread']"
2008-04-01,4.760575200906869,4.9730976091784385,0.21252240827156932,"{'rfecv__estimator__alpha': 1, 'rfecv__min_features_to_select': 2}","['ECY7', 'term_spread']"
2008-05-01,5.205723563421582,5.110184142092807,0.09553942132877502,"{'rfecv__estimator__alpha': 1, 'rfecv__min_features_to_select': 2}","['ECY7', 'term_spread']"
2008-06-01,5.919222075531671,5.791685118819778,0.1275369567118929,"{'rfecv__estimator__alpha': 1, 'rfecv__min_features_to_select': 2}","['ECY7', 'term_spread']"
2008-07-01,7.961367438445855,6.507844896468171,1.4535225419776836,"{'rfecv__estimator__alpha': 1, 'rfecv__min_features_to_select': 2}","['ECY7', 'term_spread']"
2008-08-01,7.587613311426833,6.666760004052133,0.9208533073747001,"{'rfecv__estimator__alpha': 1, 'rfecv__min_features_to_select': 2}","['ECY7', 'term_spread']"
2008-09-01,8.930734413149787,6.363231877865453,2.5675025352843344,"{'rfecv__estimator__alpha': 1, 'rfecv__min_features_to_select': 2}","['ECY7', 'term_spread']"
2008-10-01,14.36643993452572,8.903496241654127,5.462943692871594,"{'rfecv__estimator__alpha': 1, 'rfecv__min_features_to_select': 2}","['ECY7', 'term_spread']"
2008-11-01,17.238231858148325,9.943741418447699,7.294490439700626,"{'rfecv__estimator__alpha': 1, 'rfecv__min_features_to_select': 2}","['ECY7', 'term_spread']"
2008-12-01,17.633152483945402,9.677335176275719,7.955817307669683,"{'rfecv__estimator__alpha': 1, 'rfecv__min_features_to_select': 2}","['ECY7', 'term_spread']"
2009-01-01,18.115277200119017,9.829886086811312,8.285391113307705,"{'rfecv__estimator__alpha': 1, 'rfecv__min_features_to_select': 2}","['ECY7', 'term_spread']"
2009-02-01,19.71574135172999,10.365637194309016,9.350104157420972,"{'rfecv__estimator__alpha': 1, 'rfecv__min_features_to_select': 2}","['ECY7', 'term_spread']"
2009-03-01,21.732841619411413,10.564758618746385,11.168083000665028,"{'rfecv__estimator__alpha': 1, 'rfecv__min_features_to_select': 2}","['ECY7', 'term_spread']"
2009-04-01,19.030832666098014,9.87724769858021,9.153584967517805,"{'rfecv__estimator__alpha': 1, 'rfecv__min_features_to_select': 2}","['ECY7', 'term_spread']"
2009-05-01,17.883163523496236,9.799852221450928,8.083311302045308,"{'rfecv__estimator__alpha': 1, 'rfecv__min_features_to_select': 2}","['ECY7', 'term_spread']"
2009-06-01,17.98436269675233,9.71697239529816,8.26739030145417,"{'rfecv__estimator__alpha': 1, 'rfecv__min_features_to_select': 2}","['ECY7', 'term_spread']"
2009-07-01,18.033491749188123,9.438667739853228,8.594824009334895,"{'rfecv__estimator__alpha': 1, 'rfecv__min_features_to_select': 2}","['ECY7', 'term_spread']"
2009-08-01,16.153198628083775,8.934129288840506,7.219069339243269,"{'rfecv__estimator__alpha': 1, 'rfecv__min_features_to_select': 2}","['ECY7', 'term_spread']"
2009-09-01,15.74028213467431,8.565291116418823,7.174991018255486,"{'rfecv__estimator__alpha': 1, 'rfecv__min_features_to_select': 2}","['ECY7', 'term_spread']"
2009-10-01,14.605909253068006,8.575508931852776,6.030400321215231,"{'rfecv__estimator__alpha': 1, 'rfecv__min_features_to_select': 2}","['ECY7', 'term_spread']"
2009-11-01,15.412790691231304,8.464450550794911,6.948340140436393,"{'rfecv__estimator__alpha': 1, 'rfecv__min_features_to_select': 2}","['ECY7', 'term_spread']"
2009-12-01,15.071304332837276,8.234769122439188,6.836535210398088,"{'rfecv__estimator__alpha': 1, 'rfecv__min_features_to_select': 2}","['ECY7', 'term_spread']"
2010-01-01,14.537900317638677,8.426794604572546,6.111105713066131,"{'rfecv__estimator__alpha': 1, 'rfecv__min_features_to_select': 2}","['ECY7', 'term_spread']"
2010-02-01,15.828867856075613,8.531873426578818,7.296994429496795,"{'rfecv__estimator__alpha': 1, 'rfecv__min_features_to_select': 2}","['ECY7', 'term_spread']"
2010-03-01,14.52669909710147,8.062773719515974,6.463925377585497,"{'rfecv__estimator__alpha': 1, 'rfecv__min_features_to_select': 2}","['ECY7', 'term_spread']"
2010-04-01,13.82276566751327,7.944907345157402,5.877858322355868,"{'rfecv__estimator__alpha': 1, 'rfecv__min_features_to_select': 2}","['ECY7', 'term_spread']"
2010-05-01,15.402335319058547,8.13285812414831,7.2694771949102375,"{'rfecv__estimator__alpha': 1, 'rfecv__min_features_to_select': 2}","['ECY7', 'term_spread']"
2010-06-01,16.11372703108861,8.21527793564233,7.898449095446281,"{'rfecv__estimator__alpha': 1, 'rfecv__min_features_to_select': 2}","['ECY7', 'term_spread']"
2010-07-01,16.1343989704654,8.166126579843105,7.968272390622296,"{'rfecv__estimator__alpha': 1, 'rfecv__min_features_to_select': 2}","['ECY7', 'term_spread']"
2010-08-01,15.389446057820043,8.056250283610627,7.3331957742094165,"{'rfecv__estimator__alpha': 1, 'rfecv__min_features_to_select': 2}","['ECY7', 'term_spread']"
2010-09-01,13.609166197082557,7.838538002858723,5.770628194223834,"{'rfecv__estimator__alpha': 1, 'rfecv__min_features_to_select': 2}","['ECY7', 'term_spread']"
2010-10-01,13.560011222004942,7.582404527319583,5.977606694685359,"{'rfecv__estimator__alpha': 1, 'rfecv__min_features_to_select': 2}","['ECY7', 'term_spread']"
2010-11-01,13.665237071216962,7.561492474908712,6.103744596308251,"{'rfecv__estimator__alpha': 1, 'rfecv__min_features_to_select': 2}","['ECY7', 'term_spread']"
2010-12-01,12.617386064987135,7.6295000994226125,4.987885965564523,"{'rfecv__estimator__alpha': 1, 'rfecv__min_features_to_select': 2}","['ECY7', 'term_spread']"
2011-01-01,10.414799547595289,7.525962466840483,2.888837080754805,"{'rfecv__estimator__alpha': 1, 'rfecv__min_features_to_select': 2}","['ECY7', 'term_spread']"
2011-02-01,9.627055419780609,7.501776016715134,2.125279403065475,"{'rfecv__estimator__alpha': 1, 'rfecv__min_features_to_select': 2}","['ECY7', 'term_spread']"
2011-03-01,11.226721191341792,7.645697134271863,3.5810240570699285,"{'rfecv__estimator__alpha': 1, 'rfecv__min_features_to_select': 2}","['ECY7', 'term_spread']"
2011-04-01,11.359354044422266,7.805608327460718,3.553745716961548,"{'rfecv__estimator__alpha': 1, 'rfecv__min_features_to_select': 2}","['ECY7', 'term_spread']"
2011-05-01,11.146879141590116,7.7105529326683815,3.4363262089217343,"{'rfecv__estimator__alpha': 1, 'rfecv__min_features_to_select': 2}","['ECY7', 'term_spread']"
2011-06-01,12.191014942323577,7.825785758203306,4.36522918412027,"{'rfecv__estimator__alpha': 1, 'rfecv__min_features_to_select': 2}","['ECY7', 'term_spread']"
2011-07-01,12.23504502054481,7.734007786122099,4.501037234422711,"{'rfecv__estimator__alpha': 1, 'rfecv__min_features_to_select': 2}","['ECY7', 'term_spread']"
2011-08-01,14.974633448179276,7.9683149826661985,7.006318465513077,"{'rfecv__estimator__alpha': 1, 'rfecv__min_features_to_select': 2}","['ECY7', 'term_spread']"
2011-09-01,15.048045518658514,8.0685944261597,6.979451092498813,"{'rfecv__estimator__alpha': 1, 'rfecv__min_features_to_select': 2}","['ECY7', 'term_spread']"
2011-10-01,14.244172936341403,7.990509654864656,6.253663281476747,"{'rfecv__estimator__alpha': 1, 'rfecv__min_features_to_select': 2}","['ECY7', 'term_spread']"
2011-11-01,14.11780858813754,7.869370999499415,6.248437588638126,"{'rfecv__estimator__alpha': 1, 'rfecv__min_features_to_select': 2}","['ECY7', 'term_spread']"
2011-12-01,14.629897765753896,7.799817397010372,6.830080368743523,"{'rfecv__estimator__alpha': 1, 'rfecv__min_features_to_select': 2}","['ECY7', 'term_spread']"
2012-01-01,13.884734896105211,7.6125263338051665,6.272208562300045,"{'rfecv__estimator__alpha': 1, 'rfecv__min_features_to_select': 2}","['ECY7', 'term_spread']"
2012-02-01,13.535015579216337,7.4492626976214105,6.085752881594926,"{'rfecv__estimator__alpha': 1, 'rfecv__min_features_to_select': 2}","['ECY7', 'term_spread']"
2012-03-01,13.298110120173078,7.46125782897029,5.836852291202788,"{'rfecv__estimator__alpha': 1, 'rfecv__min_features_to_select': 2}","['ECY7', 'term_spread']"
2012-04-01,13.262160740974382,7.427579353277347,5.834581387697035,"{'rfecv__estimator__alpha': 1, 'rfecv__min_features_to_select': 2}","['ECY7', 'term_spread']"
2012-05-01,14.332009641800592,7.331208362976745,7.000801278823848,"{'rfecv__estimator__alpha': 1, 'rfecv__min_features_to_select': 2}","['ECY7', 'term_spread']"
2012-06-01,14.975677153518586,7.486530667581048,7.489146485937537,"{'rfecv__estimator__alpha': 1, 'rfecv__min_features_to_select': 2}","['ECY7', 'term_spread']"
2012-07-01,14.52805916715838,7.280542956954649,7.247516210203731,"{'rfecv__estimator__alpha': 1, 'rfecv__min_features_to_select': 2}","['ECY7', 'term_spread']"
2012-08-01,13.82208956187977,7.0636145419841405,6.758475019895629,"{'rfecv__estimator__alpha': 1, 'rfecv__min_features_to_select': 2}","['ECY7', 'term_spread']"
2012-09-01,13.502853805075675,6.996520924395822,6.506332880679853,"{'rfecv__estimator__alpha': 1, 'rfecv__min_features_to_select': 2}","['ECY7', 'term_spread']"
2012-10-01,14.144355151660836,7.009497732518266,7.13485741914257,"{'rfecv__estimator__alpha': 1, 'rfecv__min_features_to_select': 2}","['ECY7', 'term_spread']"
2012-11-01,15.127301501448509,7.058002693452523,8.069298807995985,"{'rfecv__estimator__alpha': 1, 'rfecv__min_features_to_select': 2}","['ECY7', 'term_spread']"
2012-12-01,15.261959591575248,6.96778312778694,8.294176463788308,"{'rfecv__estimator__alpha': 1, 'rfecv__min_features_to_select': 2}","['ECY7', 'term_spread']"
2013-01-01,15.36194977694476,7.010358020387265,8.351591756557495,"{'rfecv__estimator__alpha': 1, 'rfecv__min_features_to_select': 2}","['ECY7', 'term_spread']"
2013-02-01,14.161697910023497,6.9797246848148875,7.181973225208609,"{'rfecv__estimator__alpha': 1, 'rfecv__min_features_to_select': 2}","['ECY7', 'term_spread']"
2013-03-01,13.547854669365876,6.829490271328907,6.718364398036969,"{'rfecv__estimator__alpha': 1, 'rfecv__min_features_to_select': 2}","['ECY7', 'term_spread']"
2013-04-01,12.807443633165448,6.706245355547129,6.10119827761832,"{'rfecv__estimator__alpha': 1, 'rfecv__min_features_to_select': 2}","['ECY7', 'term_spread']"
2013-05-01,12.21039456005736,6.62082639753437,5.58956816252299,"{'rfecv__estimator__alpha': 1, 'rfecv__min_features_to_select': 2}","['ECY7', 'term_spread']"
2013-06-01,12.90066108002682,6.845287076386302,6.055374003640519,"{'rfecv__estimator__alpha': 1, 'rfecv__min_features_to_select': 2}","['ECY7', 'term_spread']"
2013-07-01,12.505129306732432,6.811816953922948,5.693312352809484,"{'rfecv__estimator__alpha': 1, 'rfecv__min_features_to_select': 2}","['ECY7', 'term_spread']"
2013-08-01,12.959285709424684,6.851298325068847,6.1079873843558365,"{'rfecv__estimator__alpha': 1, 'rfecv__min_features_to_select': 2}","['ECY7', 'term_spread']"
2013-09-01,13.0370440714206,6.8202367579818315,6.216807313438769,"{'rfecv__estimator__alpha': 1, 'rfecv__min_features_to_select': 2}","['ECY7', 'term_spread']"
2013-10-01,11.649117324233526,6.64561778981086,5.003499534422666,"{'rfecv__estimator__alpha': 1, 'rfecv__min_features_to_select': 2}","['ECY7', 'term_spread']"
2013-11-01,10.322742832638076,6.5439366241135755,3.7788062085245,"{'rfecv__estimator__alpha': 1, 'rfecv__min_features_to_select': 2}","['ECY7', 'term_spread']"
2013-12-01,8.721103091233429,6.588671720590346,2.132431370643083,"{'rfecv__estimator__alpha': 1, 'rfecv__min_features_to_select': 2}","['ECY7', 'term_spread']"
2014-01-01,8.84603131775049,6.56021375601677,2.2858175617337206,"{'rfecv__estimator__alpha': 1, 'rfecv__min_features_to_select': 2}","['ECY7', 'term_spread']"
2014-02-01,10.06808208825476,6.5283496746786,3.5397324135761608,"{'rfecv__estimator__alpha': 1, 'rfecv__min_features_to_select': 2}","['ECY7', 'term_spread']"
2014-03-01,9.86668745341146,6.475724066486101,3.3909633869253595,"{'rfecv__estimator__alpha': 1, 'rfecv__min_features_to_select': 2}","['ECY7', 'term_spread']"
2014-04-01,10.576879724700971,6.505907780890453,4.070971943810518,"{'rfecv__estimator__alpha': 1, 'rfecv__min_features_to_select': 2}","['ECY7', 'term_spread']"
2014-05-01,9.867010113388432,6.3996783415556795,3.467331771832752,"{'rfecv__estimator__alpha': 1, 'rfecv__min_features_to_select': 2}","['ECY7', 'term_spread']"
2014-06-01,9.452649364260555,6.3117861747912345,3.1408631894693206,"{'rfecv__estimator__alpha': 1, 'rfecv__min_features_to_select': 2}","['ECY7', 'term_spread']"
2014-07-01,9.90610604599286,6.27101994030618,3.63508610568668,"{'rfecv__estimator__alpha': 1, 'rfecv__min_features_to_select': 2}","['ECY7', 'term_spread']"
2014-08-01,9.270482380651046,6.238297752344829,3.032184628306217,"{'rfecv__estimator__alpha': 1, 'rfecv__min_features_to_select': 2}","['ECY7', 'term_spread']"
2014-09-01,9.51217838297167,6.2381831345028935,3.2739952484687773,"{'rfecv__estimator__alpha': 1, 'rfecv__min_features_to_select': 2}","['ECY7', 'term_spread']"
2014-10-01,10.060539913245549,6.180824372276764,3.8797155409687845,"{'rfecv__estimator__alpha': 1, 'rfecv__min_features_to_select': 2}","['ECY7', 'term_spread']"
2014-11-01,9.76258385096932,5.929272189924851,3.833311661044468,"{'rfecv__estimator__alpha': 1, 'rfecv__min_features_to_select': 2}","['ECY7', 'term_spread']"
2014-12-01,10.119831999136652,5.843809024991902,4.27602297414475,"{'rfecv__estimator__alpha': 1, 'rfecv__min_features_to_select': 2}","['ECY7', 'term_spread']"
2015-01-01,11.042754065510753,5.677261308770751,5.365492756740002,"{'rfecv__estimator__alpha': 1, 'rfecv__min_features_to_select': 2}","['ECY7', 'term_spread']"
2015-02-01,10.436751665632247,5.655662192872054,4.781089472760193,"{'rfecv__estimator__alpha': 1, 'rfecv__min_features_to_select': 2}","['ECY7', 'term_spread']"
2015-03-01,5.912021176259364,5.72195339395057,0.19006778230879373,"{'rfecv__estimator__alpha': 1, 'rfecv__min_features_to_select': 2}","['ECY7', 'term_spread']"
2015-04-01,6.631223354703097,5.635134702767559,0.9960886519355387,"{'rfecv__estimator__alpha': 1, 'rfecv__min_features_to_select': 2}","['ECY7', 'term_spread']"
2015-05-01,7.64856677918978,5.848784052497657,1.799782726692123,"{'rfecv__estimator__alpha': 1, 'rfecv__min_features_to_select': 2}","['ECY7', 'term_spread']"
2015-06-01,9.098016398053364,6.032124908443754,3.0658914896096103,"{'rfecv__estimator__alpha': 1, 'rfecv__min_features_to_select': 2}","['ECY7', 'term_spread']"
2015-07-01,9.848165327276314,6.009824339562883,3.8383409877134316,"{'rfecv__estimator__alpha': 1, 'rfecv__min_features_to_select': 2}","['ECY7', 'term_spread']"
2015-08-01,11.637649397166316,5.996297651185807,5.641351745980509,"{'rfecv__estimator__alpha': 1, 'rfecv__min_features_to_select': 2}","['ECY7', 'term_spread']"
2015-09-01,12.515359721667709,6.074873247703841,6.440486473963868,"{'rfecv__estimator__alpha': 1, 'rfecv__min_features_to_select': 2}","['ECY7', 'term_spread']"
2015-10-01,11.949983605492942,5.866699836962675,6.083283768530268,"{'rfecv__estimator__alpha': 1, 'rfecv__min_features_to_select': 2}","['ECY7', 'term_spread']"
2015-11-01,12.16387302599554,5.95582794021725,6.2080450857782905,"{'rfecv__estimator__alpha': 1, 'rfecv__min_features_to_select': 2}","['ECY7', 'term_spread']"
2015-12-01,13.33465444205424,5.851415959114695,7.483238482939546,"{'rfecv__estimator__alpha': 1, 'rfecv__min_features_to_select': 2}","['ECY7', 'term_spread']"
2016-01-01,15.46112494680113,6.054456262259878,9.406668684541252,"{'rfecv__estimator__alpha': 1, 'rfecv__min_features_to_select': 2}","['ECY7', 'term_spread']"
2016-02-01,16.14209261462737,5.774860901117075,10.367231713510295,"{'rfecv__estimator__alpha': 1, 'rfecv__min_features_to_select': 2}","['ECY7', 'term_spread']"
2016-03-01,14.912024797383571,5.630040902726509,9.281983894657063,"{'rfecv__estimator__alpha': 1, 'rfecv__min_features_to_select': 2}","['ECY7', 'term_spread']"
2016-04-01,15.600884357303846,5.696851076028633,9.904033281275213,"{'rfecv__estimator__alpha': 1, 'rfecv__min_features_to_select': 2}","['ECY7', 'term_spread']"
2016-05-01,15.833645136679886,5.775336922320532,10.058308214359354,"{'rfecv__estimator__alpha': 1, 'rfecv__min_features_to_select': 2}","['ECY7', 'term_spread']"
2016-06-01,15.986605242243678,5.532361379152588,10.45424386309109,"{'rfecv__estimator__alpha': 1, 'rfecv__min_features_to_select': 2}","['ECY7', 'term_spread']"
2016-07-01,15.91920433220736,5.317964273171794,10.601240059035566,"{'rfecv__estimator__alpha': 1, 'rfecv__min_features_to_select': 2}","['ECY7', 'term_spread']"
2016-08-01,16.14162183380917,5.3476208668779,10.794000966931272,"{'rfecv__estimator__alpha': 1, 'rfecv__min_features_to_select': 2}","['ECY7', 'term_spread']"
2016-09-01,16.226036886293706,5.54844328590891,10.677593600384796,"{'rfecv__estimator__alpha': 1, 'rfecv__min_features_to_select': 2}","['ECY7', 'term_spread']"
2016-10-01,16.42695576185682,5.767974230326207,10.658981531530614,"{'rfecv__estimator__alpha': 1, 'rfecv__min_features_to_select': 2}","['ECY7', 'term_spread']"
2016-11-01,17.19945908543746,6.152636136370958,11.046822949066502,"{'rfecv__estimator__alpha': 1, 'rfecv__min_features_to_select': 2}","['ECY7', 'term_spread']"
2016-12-01,16.36513339010439,5.821724722423038,10.543408667681351,"{'rfecv__estimator__alpha': 1, 'rfecv__min_features_to_select': 2}","['ECY7', 'term_spread']"
2017-01-01,15.565910953640914,5.622787430151764,9.94312352348915,"{'rfecv__estimator__alpha': 1, 'rfecv__min_features_to_select': 2}","['ECY7', 'term_spread']"
2017-02-01,14.315543654392725,5.531522422222095,8.78402123217063,"{'rfecv__estimator__alpha': 1, 'rfecv__min_features_to_select': 2}","['ECY7', 'term_spread']"
2017-03-01,13.697990869945809,5.63137036676685,8.066620503178958,"{'rfecv__estimator__alpha': 1, 'rfecv__min_features_to_select': 2}","['ECY7', 'term_spread']"
2017-04-01,13.761372951209948,5.1558583191352,8.605514632074748,"{'rfecv__estimator__alpha': 1, 'rfecv__min_features_to_select': 2}","['ECY7', 'term_spread']"
2017-05-01,11.563924844070172,4.869403817941157,6.694521026129015,"{'rfecv__estimator__alpha': 1, 'rfecv__min_features_to_select': 2}","['ECY7', 'term_spread']"
2017-06-01,10.41189029019808,4.755662959137722,5.656227331060358,"{'rfecv__estimator__alpha': 1, 'rfecv__min_features_to_select': 2}","['ECY7', 'term_spread']"
2017-07-01,10.296974397996772,4.6149666848239566,5.6820077131728155,"{'rfecv__estimator__alpha': 1, 'rfecv__min_features_to_select': 2}","['ECY7', 'term_spread']"
2017-08-01,11.583316166341662,4.245337656314371,7.337978510027291,"{'rfecv__estimator__alpha': 1, 'rfecv__min_features_to_select': 2}","['ECY7', 'term_spread']"
2017-09-01,9.585658259395958,4.2466581587203605,5.339000100675597,"{'rfecv__estimator__alpha': 1, 'rfecv__min_features_to_select': 2}","['ECY7', 'term_spread']"
2017-10-01,8.309035322144476,4.220754383561181,4.088280938583295,"{'rfecv__estimator__alpha': 1, 'rfecv__min_features_to_select': 2}","['ECY7', 'term_spread']"
2017-11-01,9.027697670576371,4.308275471955871,4.7194221986205,"{'rfecv__estimator__alpha': 1, 'rfecv__min_features_to_select': 2}","['ECY7', 'term_spread']"
2017-12-01,8.384333174104041,4.054897746342199,4.329435427761842,"{'rfecv__estimator__alpha': 1, 'rfecv__min_features_to_select': 2}","['ECY7', 'term_spread']"
2018-01-01,7.620493250801363,3.6382135979614714,3.982279652839892,"{'rfecv__estimator__alpha': 1, 'rfecv__min_features_to_select': 2}","['ECY7', 'term_spread']"
2018-02-01,8.848430279035247,3.961975797763718,4.886454481271529,"{'rfecv__estimator__alpha': 1, 'rfecv__min_features_to_select': 2}","['ECY7', 'term_spread']"
2018-03-01,8.230645540737525,3.718644064049131,4.512001476688393,"{'rfecv__estimator__alpha': 1, 'rfecv__min_features_to_select': 2}","['ECY7', 'term_spread']"
2018-04-01,9.377920352596336,3.428375984838377,5.949544367757959,"{'rfecv__estimator__alpha': 1, 'rfecv__min_features_to_select': 2}","['ECY7', 'term_spread']"
2018-05-01,9.079993847315691,3.4075901394336405,5.672403707882051,"{'rfecv__estimator__alpha': 1, 'rfecv__min_features_to_select': 2}","['ECY7', 'term_spread']"
2018-06-01,9.610870938139003,2.9230527574302867,6.6878181807087165,"{'rfecv__estimator__alpha': 0.01, 'rfecv__min_features_to_select': 3}","['ECY7', 'term_spread', 'infl_vol_12m', 'infl_trend_5y']"
2018-07-01,10.030840860430102,2.240809871752541,7.790030988677561,"{'rfecv__estimator__alpha': 0.0001, 'rfecv__min_features_to_select': 3}","['ECY7', 'term_spread', 'infl_vol_12m', 'infl_trend_5y']"
2018-08-01,9.232236896426029,2.1830275364946035,7.049209359931425,"{'rfecv__estimator__alpha': 0.0001, 'rfecv__min_features_to_select': 3}","['ECY7', 'term_spread', 'infl_vol_12m', 'infl_trend_5y']"
2018-09-01,8.615858836650824,2.610735257598922,6.005123579051903,"{'rfecv__estimator__alpha': 0.0001, 'rfecv__min_features_to_select': 3}","['ECY7', 'term_spread', 'infl_vol_12m', 'infl_trend_5y']"
2018-10-01,8.743761976995367,2.0988063254138476,6.64495565158152,"{'rfecv__estimator__alpha': 0.0001, 'rfecv__min_features_to_select': 3}","['ECY7', 'term_spread', 'infl_vol_12m', 'infl_trend_5y']"
2018-11-01,10.10473912640456,2.501375530024735,7.603363596379825,"{'rfecv__estimator__alpha': 0.1, 'rfecv__min_features_to_select': 2}","['ECY7', 'term_spread', 'infl_vol_12m', 'infl_trend_5y']"
2018-12-01,12.401245124257231,2.3472132535468706,10.05403187071036,"{'rfecv__estimator__alpha': 0.1, 'rfecv__min_features_to_select': 2}","['ECY7', 'term_spread', 'infl_vol_12m', 'infl_trend_5y']"
2019-01-01,12.595073931339927,2.4472999292384285,10.1477740021015,"{'rfecv__estimator__alpha': 1, 'rfecv__min_features_to_select': 2}","['ECY7', 'term_spread']"
2019-02-01,12.20128784743676,2.8295545274208163,9.371733320015943,"{'rfecv__estimator__alpha': 1, 'rfecv__min_features_to_select': 2}","['ECY7', 'term_spread']"
2019-03-01,12.43860728683994,2.5710123413531862,9.867594945486754,"{'rfecv__estimator__alpha': 1, 'rfecv__min_features_to_select': 2}","['ECY7', 'term_spread']"
2019-04-01,11.366060505917208,2.081188143238747,9.28487236267846,"{'rfecv__estimator__alpha': 1, 'rfecv__min_features_to_select': 2}","['ECY7', 'term_spread']"
2019-05-01,12.20618611351856,2.087982446953033,10.118203666565527,"{'rfecv__estimator__alpha': 1, 'rfecv__min_features_to_select': 2}","['ECY7', 'term_spread']"
2019-06-01,12.623078359147156,2.3669859071262245,10.256092452020932,"{'rfecv__estimator__alpha': 1, 'rfecv__min_features_to_select': 2}","['ECY7', 'term_spread']"
2019-07-01,12.26326088397638,1.832749266914619,10.43051161706176,"{'rfecv__estimator__alpha': 1, 'rfecv__min_features_to_select': 2}","['ECY7', 'term_spread']"
2019-08-01,12.686898080065,2.5501781745917587,10.13671990547324,"{'rfecv__estimator__alpha': 1, 'rfecv__min_features_to_select': 2}","['ECY7', 'term_spread']"
2019-09-01,12.563558371103088,2.1037471752802483,10.45981119582284,"{'rfecv__estimator__alpha': 1, 'rfecv__min_features_to_select': 2}","['ECY7', 'term_spread']"
2019-10-01,13.20641616720426,2.752459016237391,10.453957150966868,"{'rfecv__estimator__alpha': 1, 'rfecv__min_features_to_select': 2}","['ECY7', 'term_spread']"
2019-11-01,12.731963726510198,3.2536491677593204,9.478314558750878,"{'rfecv__estimator__alpha': 1, 'rfecv__min_features_to_select': 2}","['ECY7', 'term_spread']"
2019-12-01,12.466434965596372,2.827369940308868,9.639065025287504,"{'rfecv__estimator__alpha': 1, 'rfecv__min_features_to_select': 2}","['ECY7', 'term_spread']"
2020-01-01,11.594299105377605,2.8881408040831653,8.70615830129444,"{'rfecv__estimator__alpha': 1, 'rfecv__min_features_to_select': 2}","['ECY7', 'term_spread']"
2020-02-01,11.76157743975038,2.9815497225754006,8.780027717174978,"{'rfecv__estimator__alpha': 1, 'rfecv__min_features_to_select': 2}","['ECY7', 'term_spread']"
2020-03-01,15.062152217923009,3.3760041708837165,11.686148047039293,"{'rfecv__estimator__alpha': 1, 'rfecv__min_features_to_select': 2}","['ECY7', 'term_spread']"
2020-04-01,12.76935471834647,5.333387443969912,7.435967274376559,"{'rfecv__estimator__alpha': 1, 'rfecv__min_features_to_select': 2}","['ECY7', 'term_spread']"
2020-05-01,13.20038330188914,4.912204834576494,8.288178467312646,"{'rfecv__estimator__alpha': 1, 'rfecv__min_features_to_select': 2}","['ECY7', 'term_spread']"
2020-06-01,12.585945053101224,4.800361187624055,7.785583865477169,"{'rfecv__estimator__alpha': 1, 'rfecv__min_features_to_select': 2}","['ECY7', 'term_spread']"
